Domain,Project_Count,Synergy_Count,Avg_Similarity,Max_Similarity
Space Biology,337,37,0.42139671959683667,0.9078510492668368
Human Research,22,29,0.3828308244184314,0.9078510492668368
Planetary Science,6,7,0.5440497451780586,0.7430512833776058
Technology Development,5,7,0.4804913061840837,0.7920858800757073
